Name,Website,Type,Region,Details
Appily,https://www.appily.com/,Search & Directory,United States,"Comprehensive search engine with financial aid and admission chance estimators."
ApplyAlberta,https://applyalberta.ca/,Centralized Application System,Canada (Alberta),"Centralized application hub for post-secondary institutions in Alberta."
ApplyTexas,https://www.applytexas.org/,University System,United States (Texas),"Centralized application engine for the vast majority of higher education in Texas."
BigFuture College Board,https://bigfuture.collegeboard.org/,Search & Directory,United States,"Official College Board tool for matching, tracking and exploring US universities."
Coalition for College,https://www.coalitionforcollegeaccess.org/,Portal,United States,"A streamlined alternative platform focused on diverse and affordable institutions."
Common App,https://www.commonapp.org/,Portal,Global / US,"Centralized application portal for over 1100 institutions."
Hochschulstart,https://www.hochschulstart.de/,Centralized Application System,Germany,"Coordinates applications for nationwide restricted university programs in Germany."
OUAC,https://www.ouac.on.ca/,Centralized Application System,Canada (Ontario),"Centralized application service for all public universities in Ontario."
Parcoursup,https://www.parcoursup.gouv.fr/,Centralized Application System,France,"Official national platform to register for first year higher education in France."
Studielink,https://www.studielink.nl/,Centralized Application System,Netherlands,"Official national enrollment portal for Dutch higher education institutions."
Top Universities,https://www.topuniversities.com/,Search & Directory,Global,"QS rankings directory with direct links to top global universities."
UAC,https://www.uac.edu.au/,Centralized Application System,Australia (NSW & ACT),"Processes applications for institutions in New South Wales and the Australian Capital Territory."
UCAS,https://www.ucas.com/,Centralized Application System,United Kingdom,"The mandatory centralized admissions system for all UK university courses."
University of California Admissions,https://admission.universityofcalifornia.edu/,University System,United States (California),"The dedicated portal for applying to all 9 UC undergraduate campuses."
VTAC,https://www.vtac.edu.au/,Centralized Application System,Australia (Victoria),"Centralized admissions center for universities in Victoria."
World Higher Education Database,https://www.whed.net/,Directory,Global,"IAU/UNESCO official list of higher education systems and accredited institutions."
